no,name,type1,type2,hp,attack,defence,sp_attack,sp_defence,speed
1,フシギダネ,GRASS,POISON,45,49,49,65,65,45
2,フシギソウ,GRASS,POISON,60,62,63,80,80,60
3,フシギバナ,GRASS,POISON,80,82,83,100,100,80
4,ヒトカゲ,FIRE,,39,52,43,60,50,65
5,リザード,FIRE,,58,64,58,80,65,80
6,リザードン,FIRE,FLYING,78,84,78,109,85,100
7,ゼニガメ,WATER,,44,48,65,50,64,43
8,カメール,WATER,,59,63,80,65,80,58
9,カメックス,WATER,,79,83,100,85,105,78
10,キャタピー,BUG,,45,30,35,20,20,45
11,トランセル,BUG,,50,20,55,25,25,30
12,バタフリー,BUG,FLYING,60,45,50,90,80,70
13,ビードル,BUG,POISON,40,35,30,20,20,50
14,コクーン,BUG,POISON,45,25,50,25,25,35
15,スピアー,BUG,POISON,65,90,40,45,80,75
16,ポッポ,NORMAL,FLYING,40,45,40,35,35,56
17,ピジョン,NORMAL,FLYING,63,60,55,50,50,71
18,ピジョット,NORMAL,FLYING,83,80,75,70,70,101
19,コラッタ,NORMAL,,30,56,35,25,35,72
20,ラッタ,NORMAL,,55,81,60,50,70,97
21,オニスズメ,NORMAL,FLYING,40,60,30,31,31,70
22,オニドリル,NORMAL,FLYING,65,90,65,61,61,100
23,アーボ,POISON,,35,60,44,40,54,55
24,アーボック,POISON,,60,95,69,65,79,80
25,ピカチュウ,ELECTR,,35,55,40,50,50,90
26,ライチュウ,ELECTR,,60,90,55,90,80,110
27,サンド,GROUND,,50,75,85,20,30,40
28,サンドパン,GROUND,,75,100,110,45,55,65
29,ニドラン♀,POISON,,55,47,52,40,40,41
30,ニドリーナ,POISON,,70,62,67,55,55,56
31,ニドクイン,POISON,GROUND,90,92,87,75,85,76
32,ニドラン♂,POISON,,46,57,40,40,40,50
33,ニドリーノ,POISON,,61,72,57,55,55,65
34,ニドキング,POISON,GROUND,81,102,77,85,75,85
35,ピッピ,FAIRY,,70,45,48,60,65,35
36,ピクシー,FAIRY,,95,70,73,95,90,60
37,ロコン,FIRE,,38,41,40,50,65,65
38,キュウコン,FIRE,,73,76,75,81,100,100
39,プリン,NORMAL,FAIRY,115,45,20,45,25,20
40,プクリン,NORMAL,FAIRY,140,70,45,85,50,45
41,ズバット,POISON,FLYING,40,45,35,30,40,55
42,ゴルバット,POISON,FLYING,75,80,70,65,75,90
43,ナゾノクサ,GRASS,POISON,45,50,55,75,65,30
44,クサイハナ,GRASS,POISON,60,65,70,85,75,40
45,ラフレシア,GRASS,POISON,75,80,85,110,90,50
46,パラス,BUG,GRASS,35,70,55,45,55,25
47,パラセクト,BUG,GRASS,60,95,80,60,80,30
48,コンパン,BUG,POISON,60,55,50,40,55,45
49,モルフォン,BUG,POISON,70,65,60,90,75,90
50,ディグダ,GROUND,,10,55,25,35,45,95
51,ダグトリオ,GROUND,,35,100,50,50,70,120
52,ニャース,NORMAL,,40,45,35,40,40,90
53,ペルシアン,NORMAL,,65,70,60,65,65,115
54,コダック,WATER,,50,52,48,65,50,55
55,ゴルダック,WATER,,80,82,78,95,80,85
56,マンキー,FIGHT,,40,80,35,35,45,70
57,オコリザル,FIGHT,,65,105,60,60,70,95
58,ガーディ,FIRE,,55,70,45,70,50,60
59,ウインディ,FIRE,,90,110,80,100,80,95
60,ニョロモ,WATER,,40,50,40,40,40,90
61,ニョロゾ,WATER,,65,65,65,50,50,90
62,ニョロボン,WATER,FIGHT,90,95,95,70,90,70
63,ケーシィ,PSYCHC,,25,20,15,105,55,90
64,ユンゲラー,PSYCHC,,40,35,30,120,70,105
65,フーディン,PSYCHC,,55,50,45,135,95,120
66,ワンリキー,FIGHT,,70,80,50,35,35,35
67,ゴーリキー,FIGHT,,80,100,70,50,60,45
68,カイリキー,FIGHT,,90,130,80,65,85,55
69,マダツボミ,GRASS,POISON,50,75,35,70,30,40
70,ウツドン,GRASS,POISON,65,90,50,85,45,55
71,ウツボット,GRASS,POISON,80,105,65,100,70,70
72,メノクラゲ,WATER,POISON,40,40,35,50,100,70
73,ドククラゲ,WATER,POISON,80,70,65,80,120,100
74,イシツブテ,ROCK,GROUND,40,80,100,30,30,20
75,ゴローン,ROCK,GROUND,55,95,115,45,45,35
76,ゴローニャ,ROCK,GROUND,80,120,130,55,65,45
77,ポニータ,FIRE,,50,85,55,65,65,90
78,ギャロップ,FIRE,,65,100,70,80,80,105
79,ヤドン,WATER,PSYCHC,90,65,65,40,40,15
80,ヤドラン,WATER,PSYCHC,95,75,110,100,80,30
81,コイル,ELECTR,STEEL,25,35,70,95,55,45
82,レアコイル,ELECTR,STEEL,50,60,95,120,70,70
83,カモネギ,NORMAL,FLYING,52,90,55,58,62,60
84,ドードー,NORMAL,FLYING,35,85,45,35,35,75
85,ドードリオ,NORMAL,FLYING,60,110,70,60,60,110
86,パウワウ,WATER,,65,45,55,45,70,45
87,ジュゴン,WATER,ICE,90,70,80,70,95,70
88,ベトベター,POISON,,80,80,50,40,50,25
89,ベトベトン,POISON,,105,105,75,65,100,50
90,シェルダー,WATER,,30,65,100,45,25,40
91,パルシェン,WATER,ICE,50,95,180,85,45,70
92,ゴース,GHOST,POISON,30,35,30,100,35,80
93,GHOST,GHOST,POISON,45,50,45,115,55,95
94,ゲンガー,GHOST,POISON,60,65,60,130,75,110
95,イワーク,ROCK,GROUND,35,45,160,30,45,70
96,スリープ,PSYCHC,,60,48,45,43,90,42
97,スリーパー,PSYCHC,,85,73,70,73,115,67
98,クラブ,WATER,,30,105,90,25,25,50
99,キングラー,WATER,,55,130,115,50,50,75
100,ビリリダマ,ELECTR,,40,30,50,55,55,100
101,マルマイン,ELECTR,,60,50,70,80,80,150
102,タマタマ,GRASS,PSYCHC,60,40,80,60,45,40
103,ナッシー,GRASS,PSYCHC,95,95,85,125,75,55
104,カラカラ,GROUND,,50,50,95,40,50,35
105,ガラガラ,GROUND,,60,80,110,50,80,45
106,サワムラー,FIGHT,,50,120,53,35,110,87
107,エビワラー,FIGHT,,50,105,79,35,110,76
108,ベロリンガ,NORMAL,,90,55,75,60,75,30
109,ドガース,POISON,,40,65,95,60,45,35
110,マタドガス,POISON,,65,90,120,85,70,60
111,サイホーン,GROUND,ROCK,80,85,95,30,30,25
112,サイドン,GROUND,ROCK,105,130,120,45,45,40
113,ラッキー,NORMAL,,250,5,5,35,105,50
114,モンジャラ,GRASS,,65,55,115,100,40,60
115,ガルーラ,NORMAL,,105,95,80,40,80,90
116,タッツー,WATER,,30,40,70,70,25,60
117,シードラ,WATER,,55,65,95,95,45,85
118,トサキント,WATER,,45,67,60,35,50,63
119,アズマオウ,WATER,,80,92,65,65,80,68
120,ヒトデマン,WATER,,30,45,55,70,55,85
121,スターミー,WATER,PSYCHC,60,75,85,100,85,115
122,バリヤード,PSYCHC,FAIRY,40,45,65,100,120,90
123,ストライク,BUG,FLYING,70,110,80,55,80,105
124,ルージュラ,ICE,PSYCHC,65,50,35,115,95,95
125,エレブー,ELECTR,,65,83,57,95,85,105
126,ブーバー,FIRE,,65,95,57,100,85,93
127,カイロス,BUG,,65,125,100,55,70,85
128,ケンタロス,NORMAL,,75,100,95,40,70,110
129,コイキング,WATER,,20,10,55,15,20,80
130,ギャラドス,WATER,FLYING,95,125,79,60,100,81
131,ラプラス,WATER,ICE,130,85,80,85,95,60
132,メタモン,NORMAL,,48,48,48,48,48,48
133,イーブイ,NORMAL,,55,55,50,45,65,55
134,シャワーズ,WATER,,130,65,60,110,95,65
135,サンダース,ELECTR,,65,65,60,110,95,130
136,ブースター,FIRE,,65,130,60,95,110,65
137,ポリゴン,NORMAL,,65,60,70,85,75,40
138,オムナイト,ROCK,WATER,35,40,100,90,55,35
139,オムスター,ROCK,WATER,70,60,125,115,70,55
140,カブト,ROCK,WATER,30,80,90,55,45,55
141,カブトプス,ROCK,WATER,60,115,105,65,70,80
142,プテラ,ROCK,FLYING,80,105,65,60,75,130
143,カビゴン,NORMAL,,160,110,65,65,110,30
144,フリーザー,ICE,FLYING,90,85,100,95,125,85
145,サンダー,ELECTR,FLYING,90,90,85,125,90,100
146,ファイヤー,FIRE,FLYING,90,100,90,125,85,90
147,ミニリュウ,DRAGON,,41,64,45,50,50,50
148,ハクリュー,DRAGON,,61,84,65,70,70,70
149,カイリュー,DRAGON,FLYING,91,134,95,100,100,80
150,ミュウツー,PSYCHC,,106,110,90,154,90,130
151,ミュウ,PSYCHC,,100,100,100,100,100,100
152,チコリータ,GRASS,,45,49,65,49,65,45
153,ベイリーフ,GRASS,,60,62,80,63,80,60
154,メガニウム,GRASS,,80,82,100,83,100,80
155,ヒノアラシ,FIRE,,39,52,43,60,50,65
156,マグマラシ,FIRE,,58,64,58,80,65,80
157,バクフーン,FIRE,,78,84,78,109,85,100
158,ワニノコ,WATER,,50,65,64,44,48,43
159,アリゲイツ,WATER,,65,80,80,59,63,58
160,オーダイル,WATER,,85,105,100,79,83,78
161,オタチ,NORMAL,,35,46,34,35,45,20
162,オオタチ,NORMAL,,85,76,64,45,55,90
163,ホーホー,NORMAL,FLYING,60,30,30,36,56,50
164,ヨルノズク,NORMAL,FLYING,100,50,50,86,96,70
165,レディバ,BUG,FLYING,40,20,30,40,80,55
166,レディアン,BUG,FLYING,55,35,50,55,110,85
167,イトマル,BUG,POISON,40,60,40,40,40,30
168,アリアドス,BUG,POISON,70,90,70,60,70,40
169,クロバット,POISON,FLYING,85,90,80,70,80,130
170,チョンチー,WATER,ELECTR,75,38,38,56,56,67
171,ランターン,WATER,ELECTR,125,58,58,76,76,67
172,ピチュー,ELECTR,,20,40,15,35,35,60
173,ピィ,FAIRY,,50,25,28,45,55,15
174,ププリン,NORMAL,FAIRY,90,30,15,40,20,15
175,トゲピー,FAIRY,,35,20,65,40,65,20
176,トゲチック,FAIRY,FLYING,55,40,85,80,105,40
177,ネイティ,PSYCHC,FLYING,40,50,45,70,45,70
178,ネイティオ,PSYCHC,FLYING,65,75,70,95,70,95
179,メリープ,ELECTR,,55,40,40,65,45,35
180,モココ,ELECTR,,70,55,55,80,60,45
181,デンリュウ,ELECTR,,90,75,85,115,90,55
182,キレイハナ,GRASS,,75,80,95,90,100,50
183,マリル,WATER,FAIRY,70,20,50,20,50,40
184,マリルリ,WATER,FAIRY,100,50,80,60,80,50
185,ウソッキー,ROCK,,70,100,115,30,65,30
186,ニョロトノ,WATER,,90,75,75,90,100,70
187,ハネッコ,GRASS,FLYING,35,35,40,35,55,50
188,ポポッコ,GRASS,FLYING,55,45,50,45,65,80
189,ワタッコ,GRASS,FLYING,75,55,70,55,95,110
190,エイパム,NORMAL,,55,70,55,40,55,85
191,ヒマナッツ,GRASS,,30,30,30,30,30,30
192,キマワリ,GRASS,,75,75,55,105,85,30
193,ヤンヤンマ,BUG,FLYING,65,65,45,75,45,95
194,ウパー,WATER,GROUND,55,45,45,25,25,15
195,ヌオー,WATER,GROUND,95,85,85,65,65,35
196,エーフィ,PSYCHC,,65,65,60,130,95,110
197,ブラッキー,DARK,,95,65,110,60,130,65
198,ヤミカラス,DARK,FLYING,60,85,42,85,42,91
199,ヤドキング,WATER,PSYCHC,95,75,80,100,110,30
200,ムウマ,GHOST,,60,60,60,85,85,85
201,アンノーン,PSYCHC,,48,72,48,72,48,48
202,ソーナンス,PSYCHC,,190,33,58,33,58,33
203,キリンリキ,NORMAL,PSYCHC,70,80,65,90,65,85
204,クヌギダマ,BUG,,50,65,90,35,35,15
205,フォレトス,BUG,STEEL,75,90,140,60,60,40
206,ノコッチ,NORMAL,,100,70,70,65,65,45
207,グライガー,GROUND,FLYING,65,75,105,35,65,85
208,ハガネール,STEEL,GROUND,75,85,200,55,65,30
209,ブルー,FAIRY,,60,80,50,40,40,30
210,グランブル,FAIRY,,90,120,75,60,60,45
211,ハリーセン,WATER,POISON,65,95,85,55,55,85
212,ハッサム,BUG,STEEL,70,130,100,55,80,65
213,ツボツボ,BUG,ROCK,20,10,230,10,230,5
214,ヘラクロス,BUG,FIGHT,80,125,75,40,95,85
215,ニューラ,DARK,ICE,55,95,55,35,75,115
216,ヒメグマ,NORMAL,,60,80,50,50,50,40
217,リングマ,NORMAL,,90,130,75,75,75,55
218,マグマッグ,FIRE,,40,40,40,70,40,20
219,マグカルゴ,FIRE,ROCK,60,50,120,90,80,30
220,ウリムー,ICE,GROUND,50,50,40,30,30,50
221,イノムー,ICE,GROUND,100,100,80,60,60,50
222,サニーゴ,WATER,ROCK,65,55,95,65,95,35
223,テッポウオ,WATER,,35,65,35,65,35,65
224,オクタン,WATER,,75,105,75,105,75,45
225,デリバード,ICE,FLYING,45,55,45,65,45,75
226,マンタイン,WATER,FLYING,85,40,70,80,140,70
227,エアームド,STEEL,FLYING,65,80,140,40,70,70
228,デルビル,DARK,FIRE,45,60,30,80,50,65
229,ヘルガー,DARK,FIRE,75,90,50,110,80,95
230,キングドラ,WATER,DRAGON,75,95,95,95,95,85
231,ゴマゾウ,GROUND,,90,60,60,40,40,40
232,ドンファン,GROUND,,90,120,120,60,60,50
233,ポリゴン2,NORMAL,,85,80,90,105,95,60
234,オドシシ,NORMAL,,73,95,62,85,65,85
235,ドーブル,NORMAL,,55,20,35,20,45,75
236,バルキー,FIGHT,,35,35,35,35,35,35
237,カポエラー,FIGHT,,50,95,95,35,110,70
238,ムチュール,ICE,PSYCHC,45,30,15,85,65,65
239,エレキッド,ELECTR,,45,63,37,65,55,95
240,ブビィ,FIRE,,45,75,37,70,55,83
241,ミルタンク,NORMAL,,95,80,105,40,70,100
242,ハピナス,NORMAL,,255,10,10,75,135,55
243,ライコウ,ELECTR,,90,85,75,115,100,115
244,エンテイ,FIRE,,115,115,85,90,75,100
245,スイクン,WATER,,100,75,115,90,115,85
246,ヨーギラス,ROCK,GROUND,50,64,50,45,50,41
247,サナギラス,ROCK,GROUND,70,84,70,65,70,51
248,バンギラス,ROCK,DARK,100,134,110,95,100,61
249,ルギア,PSYCHC,FLYING,106,90,130,90,154,110
250,ホウオウ,FIRE,FLYING,106,130,90,110,154,90
251,セレビィ,PSYCHC,GRASS,100,100,100,100,100,100
252,キモリ,GRASS,,40,45,35,65,55,70
253,ジュプトル,GRASS,,50,65,45,85,65,95
254,ジュカイン,GRASS,,70,85,65,105,85,120
255,アチャモ,FIRE,,45,60,40,70,50,45
256,ワカシャモ,FIRE,FIGHT,60,85,60,85,60,55
257,バシャーモ,FIRE,FIGHT,80,120,70,110,70,80
258,ミズゴロウ,WATER,,50,70,50,50,50,40
259,ヌマクロー,WATER,GROUND,70,85,70,60,70,50
260,ラグラージ,WATER,GROUND,100,110,90,85,90,60
261,ポチエナ,DARK,,35,55,35,30,30,35
262,グラエナ,DARK,,70,90,70,60,60,70
263,ジグザグマ,NORMAL,,38,30,41,30,41,60
264,マッスグマ,NORMAL,,78,70,61,50,61,100
265,ケムッソ,BUG,,45,45,35,20,30,20
266,カラサリス,BUG,,50,35,55,25,25,15
267,アゲハント,BUG,FLYING,60,70,50,100,50,65
268,マユルド,BUG,,50,35,55,25,25,15
269,ドクケイル,BUG,POISON,60,50,70,50,90,65
270,ハスボー,WATER,GRASS,40,30,30,40,50,30
271,ハスブレロ,WATER,GRASS,60,50,50,60,70,50
272,ルンパッパ,WATER,GRASS,80,70,70,90,100,70
273,タネボー,GRASS,,40,40,50,30,30,30
274,コノハナ,GRASS,DARK,70,70,40,60,40,60
275,ダーテング,GRASS,DARK,90,100,60,90,60,80
276,スバメ,NORMAL,FLYING,40,55,30,30,30,85
277,オオスバメ,NORMAL,FLYING,60,85,60,75,50,125
278,キャモメ,WATER,FLYING,40,30,30,55,30,85
279,ペリッパー,WATER,FLYING,60,50,100,95,70,65
280,ラルトス,PSYCHC,FAIRY,28,25,25,45,35,40
281,キルリア,PSYCHC,FAIRY,38,35,35,65,55,50
282,サーナイト,PSYCHC,FAIRY,68,65,65,125,115,80
283,アメタマ,BUG,WATER,40,30,32,50,52,65
284,アメモース,BUG,FLYING,70,60,62,100,82,80
285,キノココ,GRASS,,60,40,60,40,60,35
286,キノガッサ,GRASS,FIGHT,60,130,80,60,60,70
287,ナマケロ,NORMAL,,60,60,60,35,35,30
288,ヤルキモノ,NORMAL,,80,80,80,55,55,90
289,ケッキング,NORMAL,,150,160,100,95,65,100
290,ツチニン,BUG,GROUND,31,45,90,30,30,40
291,テッカニン,BUG,FLYING,61,90,45,50,50,160
292,ヌケニン,BUG,GHOST,1,90,45,30,30,40
293,ゴニョニョ,NORMAL,,64,51,23,51,23,28
294,ドゴーム,NORMAL,,84,71,43,71,43,48
295,バクオング,NORMAL,,104,91,63,91,73,68
296,マクノシタ,FIGHT,,72,60,30,20,30,25
297,ハリテヤマ,FIGHT,,144,120,60,40,60,50
298,ルリリ,NORMAL,FAIRY,50,20,40,20,40,20
299,ノズパス,ROCK,,30,45,135,45,90,30
300,エネコ,NORMAL,,50,45,45,35,35,50
301,エネコロロ,NORMAL,,70,65,65,55,55,90
302,ヤミラミ,DARK,GHOST,50,75,75,65,65,50
303,クチート,STEEL,FAIRY,50,85,85,55,55,50
304,ココドラ,STEEL,ROCK,50,70,100,40,40,30
305,コドラ,STEEL,ROCK,60,90,140,50,50,40
306,ボスゴドラ,STEEL,ROCK,70,110,180,60,60,50
307,アサナン,FIGHT,PSYCHC,30,40,55,40,55,60
308,チャーレム,FIGHT,PSYCHC,60,60,75,60,75,80
309,ラクライ,ELECTR,,40,45,40,65,40,65
310,ライボルト,ELECTR,,70,75,60,105,60,105
311,プラスル,ELECTR,,60,50,40,85,75,95
312,マイナン,ELECTR,,60,40,50,75,85,95
313,バルビート,BUG,,65,73,75,47,85,85
314,イルミーゼ,BUG,,65,47,75,73,85,85
315,ロゼリア,GRASS,POISON,50,60,45,100,80,65
316,ゴクリン,POISON,,70,43,53,43,53,40
317,マルノーム,POISON,,100,73,83,73,83,55
318,キバニア,WATER,DARK,45,90,20,65,20,65
319,サメハダー,WATER,DARK,70,120,40,95,40,95
320,ホエルコ,WATER,,130,70,35,70,35,60
321,ホエルオー,WATER,,170,90,45,90,45,60
322,ドンメル,FIRE,GROUND,60,60,40,65,45,35
323,バクーダ,FIRE,GROUND,70,100,70,105,75,40
324,コータス,FIRE,,70,85,140,85,70,20
325,バネブー,PSYCHC,,60,25,35,70,80,60
326,ブーピッグ,PSYCHC,,80,45,65,90,110,80
327,パッチール,NORMAL,,60,60,60,60,60,60
328,ナックラー,GROUND,,45,100,45,45,45,10
329,ビブラーバ,GROUND,DRAGON,50,70,50,50,50,70
330,フライゴン,GROUND,DRAGON,80,100,80,80,80,100
331,サボネア,GRASS,,50,85,40,85,40,35
332,ノクタス,GRASS,,70,115,60,115,60,55
333,チルット,NORMAL,FLYING,45,40,60,40,75,50
334,チルタリス,DRAGON,FLYING,75,70,90,70,105,80
335,ザングース,NORMAL,,73,115,60,60,60,90
336,ハブネーク,POISON,,73,100,60,100,60,65
337,ルナトーン,ROCK,PSYCHC,90,55,65,95,85,70
338,ソルロック,ROCK,PSYCHC,90,95,85,55,65,70
339,ドジョッチ,WATER,GROUND,50,48,43,46,41,60
340,ナマズン,WATER,GROUND,110,78,73,76,71,60
341,ヘイガニ,WATER,,43,80,65,50,35,35
342,シザリガー,WATER,DARK,63,120,85,90,55,55
343,ヤジロン,GROUND,PSYCHC,40,40,55,40,70,55
344,ネンドール,GROUND,PSYCHC,60,70,105,70,120,75
345,リリーラ,ROCK,GRASS,66,41,77,61,87,23
346,ユレイドル,ROCK,GRASS,86,81,97,81,107,43
347,アノプス,ROCK,BUG,45,95,50,40,50,75
348,アーマルド,ROCK,BUG,75,125,100,70,80,45
349,ヒンバス,WATER,,20,15,20,10,55,80
350,ミロカロス,WATER,,95,60,79,100,125,81
351,ポワルン,NORMAL,,70,70,70,70,70,70
352,カクレオン,NORMAL,,60,90,70,60,120,40
353,カゲボウズ,GHOST,,44,75,35,63,33,45
354,ジュペッタ,GHOST,,64,115,65,83,63,65
355,ヨマワル,GHOST,,20,40,90,30,90,25
356,サマヨール,GHOST,,40,70,130,60,130,25
357,トロピウス,GRASS,FLYING,99,68,83,72,87,51
358,チリーン,PSYCHC,,75,50,80,95,90,65
359,アブソル,DARK,,65,130,60,75,60,75
360,ソーナノ,PSYCHC,,95,23,48,23,48,23
361,ユキワラシ,ICE,,50,50,50,50,50,50
362,オニゴーリ,ICE,,80,80,80,80,80,80
363,タマザラシ,ICE,WATER,70,40,50,55,50,25
364,トドグラー,ICE,WATER,90,60,70,75,70,45
365,トドゼルガ,ICE,WATER,110,80,90,95,90,65
366,パールル,WATER,,35,64,85,74,55,32
367,ハンテール,WATER,,55,104,105,94,75,52
368,サクラビス,WATER,,55,84,105,114,75,52
369,ジーランス,WATER,ROCK,100,90,130,45,65,55
370,ラブカス,WATER,,43,30,55,40,65,97
371,タツベイ,DRAGON,,45,75,60,40,30,50
372,コモルー,DRAGON,,65,95,100,60,50,50
373,ボーマンダ,DRAGON,FLYING,95,135,80,110,80,100
374,ダンバル,STEEL,PSYCHC,40,55,80,35,60,30
375,メタング,STEEL,PSYCHC,60,75,100,55,80,50
376,メタグロス,STEEL,PSYCHC,80,135,130,95,90,70
377,レジロック,ROCK,,80,100,200,50,100,50
378,レジアイス,ICE,,80,50,100,100,200,50
379,レジスチル,STEEL,,80,75,150,75,150,50
380,ラティアス,DRAGON,PSYCHC,80,80,90,110,130,110
381,ラティオス,DRAGON,PSYCHC,80,90,80,130,110,110
382,カイオーガ,WATER,,100,100,90,150,140,90
383,グラードン,GROUND,,100,150,140,100,90,90
384,レックウザ,DRAGON,FLYING,105,150,90,150,90,95
385,ジラーチ,STEEL,PSYCHC,100,100,100,100,100,100
387,ナエトル,GRASS,,55,68,64,45,55,31
388,ハヤシガメ,GRASS,,75,89,85,55,65,36
389,ドダイトス,GRASS,GROUND,95,109,105,75,85,56
390,ヒコザル,FIRE,,44,58,44,58,44,61
391,モウカザル,FIRE,FIGHT,64,78,52,78,52,81
392,ゴウカザル,FIRE,FIGHT,76,104,71,104,71,108
393,ポッチャマ,WATER,,53,51,53,61,56,40
394,ポッタイシ,WATER,,64,66,68,81,76,50
395,エンペルト,WATER,STEEL,84,86,88,111,101,60
396,ムックル,NORMAL,FLYING,40,55,30,30,30,60
397,ムクバード,NORMAL,FLYING,55,75,50,40,40,80
398,ムクホーク,NORMAL,FLYING,85,120,70,50,60,100
399,ビッパ,NORMAL,,59,45,40,35,40,31
400,ビーダル,NORMAL,WATER,79,85,60,55,60,71
401,コロボーシ,BUG,,37,25,41,25,41,25
402,コロトック,BUG,,77,85,51,55,51,65
403,コリンク,ELECTR,,45,65,34,40,34,45
404,ルクシオ,ELECTR,,60,85,49,60,49,60
405,レントラー,ELECTR,,80,120,79,95,79,70
406,スボミー,GRASS,POISON,40,30,35,50,70,55
407,ロズレイド,GRASS,POISON,60,70,65,125,105,90
408,ズガイドス,ROCK,,67,125,40,30,30,58
409,ラムパルド,ROCK,,97,165,60,65,50,58
410,タテトプス,ROCK,STEEL,30,42,118,42,88,30
411,トリデプス,ROCK,STEEL,60,52,168,47,138,30
412,ミノムッチ,BUG,,40,29,45,29,45,36
414,ガーメイル,BUG,FLYING,70,94,50,94,50,66
415,ミツハニー,BUG,FLYING,30,30,42,30,42,70
416,ビークイン,BUG,FLYING,70,80,102,80,102,40
417,パチリス,ELECTR,,60,45,70,45,90,95
418,ブイゼル,WATER,,55,65,35,60,30,85
419,フローゼル,WATER,,85,105,55,85,50,115
420,チェリンボ,GRASS,,45,35,45,62,53,35
421,チェリム,GRASS,,70,60,70,87,78,85
422,カラナクシ,WATER,,76,48,48,57,62,34
423,トリトドン,WATER,GROUND,111,83,68,92,82,39
424,エテボース,NORMAL,,75,100,66,60,66,115
425,フワンテ,GHOST,FLYING,90,50,34,60,44,70
426,フワライド,GHOST,FLYING,150,80,44,90,54,80
427,ミミロル,NORMAL,,55,66,44,44,56,85
428,ミミロップ,NORMAL,,65,76,84,54,96,105
429,ムウマージ,GHOST,,60,60,60,105,105,105
430,ドンカラス,DARK,FLYING,100,125,52,105,52,71
431,ニャルマー,NORMAL,,49,55,42,42,37,85
432,ブニャット,NORMAL,,71,82,64,64,59,112
433,リーシャン,PSYCHC,,45,30,50,65,50,45
434,スカンプー,POISON,DARK,63,63,47,41,41,74
435,スカタンク,POISON,DARK,103,93,67,71,61,84
436,ドーミラー,STEEL,PSYCHC,57,24,86,24,86,23
437,ドータクン,STEEL,PSYCHC,67,89,116,79,116,33
438,ウソハチ,ROCK,,50,80,95,10,45,10
439,マネネ,PSYCHC,FAIRY,20,25,45,70,90,60
440,ピンプク,NORMAL,,100,5,5,15,65,30
441,ペラップ,NORMAL,FLYING,76,65,45,92,42,91
442,ミカルゲ,GHOST,DARK,50,92,108,92,108,35
443,フカマル,DRAGON,GROUND,58,70,45,40,45,42
444,ガバイト,DRAGON,GROUND,68,90,65,50,55,82
445,ガブリアス,DRAGON,GROUND,108,130,95,80,85,102
446,ゴンベ,NORMAL,,135,85,40,40,85,5
447,リオル,FIGHT,,40,70,40,35,40,60
448,ルカリオ,FIGHT,STEEL,70,110,70,115,70,90
449,ヒポポタス,GROUND,,68,72,78,38,42,32
450,カバルドン,GROUND,,108,112,118,68,72,47
451,スコルピ,POISON,BUG,40,50,90,30,55,65
452,ドラピオン,POISON,DARK,70,90,110,60,75,95
453,グレッグル,POISON,FIGHT,48,61,40,61,40,50
454,ドクロッグ,POISON,FIGHT,83,106,65,86,65,85
455,マスキッパ,GRASS,,74,100,72,90,72,46
456,ケイコウオ,WATER,,49,49,56,49,61,66
457,ネオラント,WATER,,69,69,76,69,86,91
458,タマンタ,WATER,FLYING,45,20,50,60,120,50
459,ユキカブリ,GRASS,ICE,60,62,50,62,60,40
460,ユキノオー,GRASS,ICE,90,92,75,92,85,60
461,マニューラ,DARK,ICE,70,120,65,45,85,125
462,ジバコイル,ELECTR,STEEL,70,70,115,130,90,60
463,ベロベルト,NORMAL,,110,85,95,80,95,50
464,ドサイドン,GROUND,ROCK,115,140,130,55,55,40
465,モジャンボ,GRASS,,100,100,125,110,50,50
466,エレキブル,ELECTR,,75,123,67,95,85,95
467,ブーバーン,FIRE,,75,95,67,125,95,83
468,トゲキッス,FAIRY,FLYING,85,50,95,120,115,80
469,メガヤンマ,BUG,FLYING,86,76,86,116,56,95
470,リーフィア,GRASS,,65,110,130,60,65,95
471,グレイシア,ICE,,65,60,110,130,95,65
472,グライオン,GROUND,FLYING,75,95,125,45,75,95
473,マンムー,ICE,GROUND,110,130,80,70,60,80
474,ポリゴンZ,NORMAL,,85,80,70,135,75,90
475,エルレイド,PSYCHC,FIGHT,68,125,65,65,115,80
476,ダイノーズ,ROCK,STEEL,60,55,145,75,150,40
477,ヨノワール,GHOST,,45,100,135,65,135,45
478,ユキメノコ,ICE,GHOST,70,80,70,80,70,110
479,ロトム,ELECTR,GHOST,50,50,77,95,77,91
480,ユクシー,PSYCHC,,75,75,130,75,130,95
481,エムリット,PSYCHC,,80,105,105,105,105,80
482,アグノム,PSYCHC,,75,125,70,125,70,115
483,ディアルガ,STEEL,DRAGON,100,120,120,150,100,90
484,パルキア,WATER,DRAGON,90,120,100,150,120,100
485,ヒードラン,FIRE,STEEL,91,90,106,130,106,77
486,レギジガス,NORMAL,,110,160,110,80,110,100
488,クレセリア,PSYCHC,,120,70,120,75,130,85
489,フィオネ,WATER,,80,80,80,80,80,80
490,マナフィ,WATER,,100,100,100,100,100,100
491,ダークライ,DARK,,70,90,90,135,90,125
493,アルセウス,NORMAL,,120,120,120,120,120,120
494,ビクティニ,PSYCHC,FIRE,100,100,100,100,100,100
495,ツタージャ,GRASS,,45,45,55,45,55,63
496,ジャノビー,GRASS,,60,60,75,60,75,83
497,ジャローダ,GRASS,,75,75,95,75,95,113
498,ポカブ,FIRE,,65,63,45,45,45,45
499,チャオブー,FIRE,FIGHT,90,93,55,70,55,55
500,エンブオー,FIRE,FIGHT,110,123,65,100,65,65
501,ミジュマル,WATER,,55,55,45,63,45,45
502,フタチマル,WATER,,75,75,60,83,60,60
503,ダイケンキ,WATER,,95,100,85,108,70,70
504,ミネズミ,NORMAL,,45,55,39,35,39,42
505,ミルホッグ,NORMAL,,60,85,69,60,69,77
506,ヨーテリー,NORMAL,,45,60,45,25,45,55
507,ハーデリア,NORMAL,,65,80,65,35,65,60
508,ムーランド,NORMAL,,85,110,90,45,90,80
509,チョロネコ,DARK,,41,50,37,50,37,66
510,レパルダス,DARK,,64,88,50,88,50,106
511,ヤナップ,GRASS,,50,53,48,53,48,64
512,ヤナッキー,GRASS,,75,98,63,98,63,101
513,バオップ,FIRE,,50,53,48,53,48,64
514,バオッキー,FIRE,,75,98,63,98,63,101
515,ヒヤップ,WATER,,50,53,48,53,48,64
516,ヒヤッキー,WATER,,75,98,63,98,63,101
517,ムンナ,PSYCHC,,76,25,45,67,55,24
518,ムシャーナ,PSYCHC,,116,55,85,107,95,29
519,マメパト,NORMAL,FLYING,50,55,50,36,30,43
520,ハトーボー,NORMAL,FLYING,62,77,62,50,42,65
521,ケンホロウ,NORMAL,FLYING,80,115,80,65,55,93
522,シママ,ELECTR,,45,60,32,50,32,76
523,ゼブライカ,ELECTR,,75,100,63,80,63,116
524,ダンゴロ,ROCK,,55,75,85,25,25,15
525,ガントル,ROCK,,70,105,105,50,40,20
526,ギガイアス,ROCK,,85,135,130,60,80,25
527,コロモリ,PSYCHC,FLYING,65,45,43,55,43,72
528,ココロモリ,PSYCHC,FLYING,67,57,55,77,55,114
529,モグリュー,GROUND,STEEL,60,85,40,30,45,68
530,ドリュウズ,GROUND,STEEL,110,135,60,50,65,88
531,タブンネ,NORMAL,,103,60,86,60,86,50
532,ドッコラー,FIGHT,,75,80,55,25,35,35
533,ドテッコツ,FIGHT,,85,105,85,40,50,40
534,ローブシン,FIGHT,,105,140,95,55,65,45
535,オタマロ,WATER,,50,50,40,50,40,64
536,ガマガル,WATER,GROUND,75,65,55,65,55,69
537,ガマゲロゲ,WATER,GROUND,105,95,75,85,75,74
538,ナゲキ,FIGHT,,120,100,85,30,85,45
539,ダゲキ,FIGHT,,75,125,75,30,75,85
540,クルミル,BUG,GRASS,45,53,70,40,60,42
541,クルマユ,BUG,GRASS,55,63,90,50,80,42
542,ハハコモリ,BUG,GRASS,75,103,80,70,80,92
543,フシデ,BUG,POISON,30,45,59,30,39,57
544,ホイーガ,BUG,POISON,40,55,99,40,79,47
545,ペンドラー,BUG,POISON,60,100,89,55,69,112
546,モンメン,GRASS,FAIRY,40,27,60,37,50,66
547,エルフーン,GRASS,FAIRY,60,67,85,77,75,116
548,チュリネ,GRASS,,45,35,50,70,50,30
549,ドレディア,GRASS,,70,60,75,110,75,90
551,メグロコ,GROUND,DARK,50,72,35,35,35,65
552,ワルビル,GROUND,DARK,60,82,45,45,45,74
553,ワルビアル,GROUND,DARK,95,117,80,65,70,92
554,ダルマッカ,FIRE,,70,90,45,15,45,50
555,ヒヒダルマ,FIRE,,105,140,55,30,55,95
556,マラカッチ,GRASS,,75,86,67,106,67,60
557,イシズマイ,BUG,ROCK,50,65,85,35,35,55
558,イワパレス,BUG,ROCK,70,105,125,65,75,45
559,ズルッグ,DARK,FIGHT,50,75,70,35,70,48
560,ズルズキン,DARK,FIGHT,65,90,115,45,115,58
561,シンボラー,PSYCHC,FLYING,72,58,80,103,80,97
562,デスマス,GHOST,,38,30,85,55,65,30
563,デスカーン,GHOST,,58,50,145,95,105,30
564,プロトーガ,WATER,ROCK,54,78,103,53,45,22
565,アバゴーラ,WATER,ROCK,74,108,133,83,65,32
566,アーケン,ROCK,FLYING,55,112,45,74,45,70
567,アーケオス,ROCK,FLYING,75,140,65,112,65,110
568,ヤブクロン,POISON,,50,50,62,40,62,65
569,ダストダス,POISON,,80,95,82,60,82,75
570,ゾロア,DARK,,40,65,40,80,40,65
571,ゾロアーク,DARK,,60,105,60,120,60,105
572,チラーミィ,NORMAL,,55,50,40,40,40,75
573,チラチーノ,NORMAL,,75,95,60,65,60,115
574,ゴチム,PSYCHC,,45,30,50,55,65,45
575,ゴチミル,PSYCHC,,60,45,70,75,85,55
576,ゴチルゼル,PSYCHC,,70,55,95,95,110,65
577,ユニラン,PSYCHC,,45,30,40,105,50,20
578,ダブラン,PSYCHC,,65,40,50,125,60,30
579,ランクルス,PSYCHC,,110,65,75,125,85,30
580,コアルヒー,WATER,FLYING,62,44,50,44,50,55
581,スワンナ,WATER,FLYING,75,87,63,87,63,98
582,バニプッチ,ICE,,36,50,50,65,60,44
583,バニリッチ,ICE,,51,65,65,80,75,59
584,バイバニラ,ICE,,71,95,85,110,95,79
585,シキジカ,NORMAL,GRASS,60,60,50,40,50,75
586,メブキジカ,NORMAL,GRASS,80,100,70,60,70,95
587,エモンガ,ELECTR,FLYING,55,75,60,75,60,103
588,カブルモ,BUG,,50,75,45,40,45,60
589,シュバルゴ,BUG,STEEL,70,135,105,60,105,20
590,タマゲタケ,GRASS,POISON,69,55,45,55,55,15
591,モロバレル,GRASS,POISON,114,85,70,85,80,30
592,プルリル,WATER,GHOST,55,40,50,65,85,40
593,ブルンゲル,WATER,GHOST,100,60,70,85,105,60
594,ママンボウ,WATER,,165,75,80,40,45,65
595,バチュル,BUG,ELECTR,50,47,50,57,50,65
596,デンチュラ,BUG,ELECTR,70,77,60,97,60,108
597,テッシード,GRASS,STEEL,44,50,91,24,86,10
598,ナットレイ,GRASS,STEEL,74,94,131,54,116,20
599,ギアル,STEEL,,40,55,70,45,60,30
600,ギギアル,STEEL,,60,80,95,70,85,50
601,ギギギアル,STEEL,,60,100,115,70,85,90
602,シビシラス,ELECTR,,35,55,40,45,40,60
603,シビビール,ELECTR,,65,85,70,75,70,40
604,シビルドン,ELECTR,,85,115,80,105,80,50
605,リグレー,PSYCHC,,55,55,55,85,55,30
606,オーベム,PSYCHC,,75,75,75,125,95,40
607,ヒトモシ,GHOST,FIRE,50,30,55,65,55,20
608,ランプラー,GHOST,FIRE,60,40,60,95,60,55
609,シャンデラ,GHOST,FIRE,60,55,90,145,90,80
610,キバゴ,DRAGON,,46,87,60,30,40,57
611,オノンド,DRAGON,,66,117,70,40,50,67
612,オノノクス,DRAGON,,76,147,90,60,70,97
613,クマシュン,ICE,,55,70,40,60,40,40
614,ツンベアー,ICE,,95,130,80,70,80,50
615,フリージオ,ICE,,80,50,50,95,135,105
616,チョボマキ,BUG,,50,40,85,40,65,25
617,アギルダー,BUG,,80,70,40,100,60,145
618,マッギョ,GROUND,ELECTR,109,66,84,81,99,32
619,コジョフー,FIGHT,,45,85,50,55,50,65
620,コジョンド,FIGHT,,65,125,60,95,60,105
621,クリムガン,DRAGON,,77,120,90,60,90,48
622,ゴビット,GROUND,GHOST,59,74,50,35,50,35
623,ゴルーグ,GROUND,GHOST,89,124,80,55,80,55
624,コマタナ,DARK,STEEL,45,85,70,40,40,60
625,キリキザン,DARK,STEEL,65,125,100,60,70,70
626,バッフロン,NORMAL,,95,110,95,40,95,55
627,ワシボン,NORMAL,FLYING,70,83,50,37,50,60
628,ウォーグル,NORMAL,FLYING,100,123,75,57,75,80
629,バルチャイ,DARK,FLYING,70,55,75,45,65,60
630,バルジーナ,DARK,FLYING,110,65,105,55,95,80
631,クイタラン,FIRE,,85,97,66,105,66,65
632,アイアント,BUG,STEEL,58,109,112,48,48,109
633,モノズ,DARK,DRAGON,52,65,50,45,50,38
634,ジヘッド,DARK,DRAGON,72,85,70,65,70,58
635,サザンドラ,DARK,DRAGON,92,105,90,125,90,98
636,メラルバ,BUG,FIRE,55,85,55,50,55,60
637,ウルガモス,BUG,FIRE,85,60,65,135,105,100
638,コバルオン,STEEL,FIGHT,91,90,129,90,72,108
639,テラキオン,ROCK,FIGHT,91,129,90,72,90,108
640,ビリジオン,GRASS,FIGHT,91,90,72,90,129,108
643,レシラム,DRAGON,FIRE,100,120,100,150,120,90
644,ゼクロム,DRAGON,ELECTR,100,150,120,120,100,90
646,キュレム,DRAGON,ICE,125,130,90,130,90,95
647,ケルディオ,WATER,FIGHT,91,72,90,129,90,108
649,ゲノセクト,BUG,STEEL,71,120,95,120,95,99
650,ハリマロン,GRASS,,56,61,65,48,45,38
651,ハリボーグ,GRASS,,61,78,95,56,58,57
652,ブリガロン,GRASS,FIGHT,88,107,122,74,75,64
653,フォッコ,FIRE,,40,45,40,62,60,60
654,テールナー,FIRE,,59,59,58,90,70,73
655,マフォクシー,FIRE,PSYCHC,75,69,72,114,100,104
656,ケロマツ,WATER,,41,56,40,62,44,71
657,ゲコガシラ,WATER,,54,63,52,83,56,97
658,ゲッコウガ,WATER,DARK,72,95,67,103,71,122
659,ホルビー,NORMAL,,38,36,38,32,36,57
660,ホルード,NORMAL,GROUND,85,56,77,50,77,78
661,ヤヤコマ,NORMAL,FLYING,45,50,43,40,38,62
662,ヒノヤコマ,FIRE,FLYING,62,73,55,56,52,84
663,ファイアロー,FIRE,FLYING,78,81,71,74,69,126
664,コフキムシ,BUG,,38,35,40,27,25,35
665,コフーライ,BUG,,45,22,60,27,30,29
666,ビビヨン,BUG,FLYING,80,52,50,90,50,89
667,シシコ,FIRE,NORMAL,62,50,58,73,54,72
668,カエンジシ,FIRE,NORMAL,86,68,72,109,66,106
669,フラベベ,FAIRY,,44,38,39,61,79,42
670,フラエッテ,FAIRY,,54,45,47,75,98,52
671,フラージェス,FAIRY,,78,65,68,112,154,75
672,メェークル,GRASS,,66,65,48,62,57,52
673,ゴーゴート,GRASS,,123,100,62,97,81,68
674,ヤンチャム,FIGHT,,67,82,62,46,48,43
675,ゴロンダ,FIGHT,DARK,95,124,78,69,71,58
676,トリミアン,NORMAL,,75,80,60,65,90,102
677,ニャスパー,PSYCHC,,62,48,54,63,60,68
679,ヒトツキ,STEEL,GHOST,45,80,100,35,37,28
680,ニダンギル,STEEL,GHOST,59,110,150,45,49,35
682,シュシュプ,FAIRY,,78,52,60,63,65,23
683,フレフワン,FAIRY,,101,72,72,99,89,29
684,ペロッパフ,FAIRY,,62,48,66,59,57,49
685,ペロリーム,FAIRY,,82,80,86,85,75,72
686,マーイーカ,DARK,PSYCHC,53,54,53,37,46,45
687,カラマネロ,DARK,PSYCHC,86,92,88,68,75,73
688,カメテテ,ROCK,WATER,42,52,67,39,56,50
689,ガメノデス,ROCK,WATER,72,105,115,54,86,68
690,クズモー,POISON,WATER,50,60,60,60,60,30
691,ドラミドロ,POISON,DRAGON,65,75,90,97,123,44
692,ウデッポウ,WATER,,50,53,62,58,63,44
693,ブロスター,WATER,,71,73,88,120,89,59
694,エリキテル,ELECTR,NORMAL,44,38,33,61,43,70
695,エレザード,ELECTR,NORMAL,62,55,52,109,94,109
696,チゴラス,ROCK,DRAGON,58,89,77,45,45,48
697,ガチゴラス,ROCK,DRAGON,82,121,119,69,59,71
698,アマルス,ROCK,ICE,77,59,50,67,63,46
699,アマルルガ,ROCK,ICE,123,77,72,99,92,58
700,ニンフィア,FAIRY,,95,65,65,110,130,60
701,ルチャブル,FIGHT,FLYING,78,92,75,74,63,118
702,デデンネ,ELECTR,FAIRY,67,58,57,81,67,101
703,メレシー,ROCK,FAIRY,50,50,150,50,150,50
704,ヌメラ,DRAGON,,45,50,35,55,75,40
705,ヌメイル,DRAGON,,68,75,53,83,113,60
706,ヌメルゴン,DRAGON,,90,100,70,110,150,80
707,クレッフィ,FAIRY,STEEL,57,80,91,80,87,75
708,ボクレー,GHOST,GRASS,43,70,48,50,60,38
709,オーロット,GHOST,GRASS,85,110,76,65,82,56
710,バケッチャ,GHOST,GRASS,49,66,70,44,55,51
711,パンプジン,GHOST,GRASS,65,90,122,58,75,84
712,カチコール,ICE,,55,69,85,32,35,28
713,クレベース,ICE,,95,117,184,44,46,28
714,オンバット,FLYING,DRAGON,40,30,35,45,40,55
715,オンバーン,FLYING,DRAGON,85,70,80,97,80,123
716,ゼルネアス,FAIRY,,126,131,95,131,98,99
717,イベルタル,DARK,FLYING,126,131,95,131,98,99
719,ディアンシー,ROCK,FAIRY,50,100,150,100,150,50
721,ボルケニオン,FIRE,WATER,80,110,120,130,90,70
722,モクロー,GRASS,FLYING,68,55,55,50,50,42
723,フクスロー,GRASS,FLYING,78,75,75,70,70,52
724,ジュナイパー,GRASS,GHOST,78,107,75,100,100,70
725,ニャビー,FIRE,,45,65,40,60,40,70
726,ニャヒート,FIRE,,65,85,50,80,50,90
727,ガオガエン,FIRE,DARK,95,115,90,80,90,60
728,アシマリ,WATER,,50,54,54,66,56,40
729,オシャマリ,WATER,,60,69,69,91,81,50
730,アシレーヌ,WATER,FAIRY,80,74,74,126,116,60
731,ツツケラ,NORMAL,FLYING,35,75,30,30,30,65
732,ケララッパ,NORMAL,FLYING,55,85,50,40,50,75
733,ドデカバシ,NORMAL,FLYING,80,120,75,75,75,60
734,ヤングース,NORMAL,,48,70,30,30,30,45
735,デカグース,NORMAL,,88,110,60,55,60,45
736,アゴジムシ,BUG,,47,62,45,55,45,46
737,デンヂムシ,BUG,ELECTR,57,82,95,55,75,36
738,クワガノン,BUG,ELECTR,77,70,90,145,75,43
739,マケンカニ,FIGHT,,47,82,57,42,47,63
740,ケケンカニ,FIGHT,ICE,97,132,77,62,67,43
742,アブリー,BUG,FAIRY,40,45,40,55,40,84
743,アブリボン,BUG,FAIRY,60,55,60,95,70,124
744,イワンコ,ROCK,,45,65,40,30,40,60
747,ヒドイデ,POISON,WATER,50,53,62,43,52,45
748,ドヒドイデ,POISON,WATER,50,63,152,53,142,35
749,ドロバンコ,GROUND,,70,100,70,45,55,45
750,バンバドロ,GROUND,,100,125,100,55,85,35
751,シズクモ,WATER,BUG,38,40,52,40,72,27
752,オニシズクモ,WATER,BUG,68,70,92,50,132,42
753,カリキリ,GRASS,,40,55,35,50,35,35
754,ラランテス,GRASS,,70,105,90,80,90,45
755,ネマシュ,GRASS,FAIRY,40,35,55,65,75,15
756,マシェード,GRASS,FAIRY,60,45,80,90,100,30
757,ヤトウモリ,POISON,FIRE,48,44,40,71,40,77
758,エンニュート,POISON,FIRE,68,64,60,111,60,117
759,ヌイコグマ,NORMAL,FIGHT,70,75,50,45,50,50
760,キテルグマ,NORMAL,FIGHT,120,125,80,55,60,60
761,アマカジ,GRASS,,42,30,38,30,38,32
762,アママイコ,GRASS,,52,40,48,40,48,62
763,アマージョ,GRASS,,72,120,98,50,98,72
764,キュワワー,FAIRY,,51,52,90,82,110,100
765,ヤレユータン,NORMAL,PSYCHC,90,60,80,90,110,60
766,ナゲツケサル,FIGHT,,100,120,90,40,60,80
767,コソクムシ,BUG,WATER,25,35,40,20,30,80
768,グソクムシャ,BUG,WATER,75,125,140,60,90,40
769,スナバァ,GHOST,GROUND,55,55,80,70,45,15
770,シロデスナ,GHOST,GROUND,85,75,110,100,75,35
771,ナマコブシ,WATER,,55,60,130,30,130,5
772,タイプ：ヌル,NORMAL,,95,95,95,95,95,59
773,シルヴァディ,NORMAL,,95,95,95,95,95,95
775,ネッコアラ,NORMAL,,65,115,65,75,95,65
776,バクガメス,FIRE,DRAGON,60,78,135,91,85,36
777,トゲデマル,ELECTR,STEEL,65,98,63,40,73,96
778,ミミッキュ,GHOST,FAIRY,55,90,80,50,105,96
779,ハギギシリ,WATER,PSYCHC,68,105,70,70,70,92
780,ジジーロン,NORMAL,DRAGON,78,60,85,135,91,36
781,ダダリン,GHOST,GRASS,70,131,100,86,90,40
782,ジャラコ,DRAGON,,45,55,65,45,45,45
783,ジャランゴ,DRAGON,FIGHT,55,75,90,65,70,65
784,ジャラランガ,DRAGON,FIGHT,75,110,125,100,105,85
785,カプ・コケコ,ELECTR,FAIRY,70,115,85,95,75,130
786,カプ・テテフ,PSYCHC,FAIRY,70,85,75,130,115,95
787,カプ・ブルル,GRASS,FAIRY,70,130,115,85,95,75
788,カプ・レヒレ,WATER,FAIRY,70,75,115,95,130,85
789,コスモッグ,PSYCHC,,43,29,31,29,31,37
790,コスモウム,PSYCHC,,43,29,131,29,131,37
791,ソルガレオ,PSYCHC,STEEL,137,137,107,113,89,97
792,ルナアーラ,PSYCHC,GHOST,137,113,89,137,107,97
793,ウツロイド,ROCK,POISON,109,53,47,127,131,103
794,マッシブーン,BUG,FIGHT,107,139,139,53,53,79
795,フェローチェ,BUG,FIGHT,71,137,37,137,37,151
796,デンジュモク,ELECTR,,83,89,71,173,71,83
797,テッカグヤ,STEEL,FLYING,97,101,103,107,101,61
798,カミツルギ,GRASS,STEEL,59,181,131,59,31,109
799,アクジキング,DARK,DRAGON,223,101,53,97,53,43
800,ネクロズマ,PSYCHC,,97,107,101,127,89,79
801,マギアナ,STEEL,FAIRY,80,95,115,130,115,65
802,マーシャドー,FIGHT,GHOST,90,125,80,90,90,125
803,ベベノム,POISON,,67,73,67,73,67,73
804,アーゴヨン,POISON,DRAGON,73,73,73,127,73,121
805,ツンデツンデ,ROCK,STEEL,61,131,211,53,101,13
806,ズガドーン,FIRE,GHOST,53,127,53,151,79,107
807,ゼラオラ,ELECTR,,88,112,75,102,80,143
